university_id,employer reputation rank,employer reputation score
1,90.0,75.3
2,225.0,41.4
3,392.0,24.2
4,,
5,303.0,32.2
6,368.0,26.2
7,485.0,18.4
8,31.0,95.4
9,,
10,156.0,53.0
11,,
12,375.0,25.8
13,360.0,26.9
14,501.0,14.2
15,,
16,,
17,,
18,293.0,33.1
19,298.0,32.8
20,468.0,19.0
21,134.0,58.6
22,495.0,18.0
23,,
24,,
25,,
26,,
27,314.0,31.0
28,501.0,8.9
29,,
30,151.0,53.6
31,,
32,501.0,10.1
33,476.0,18.7
34,399.0,23.4
35,501.0,6.5
36,,
37,,
38,,
39,,
40,138.0,58.1
41,,
42,,
43,136.0,58.1
44,,
45,,
46,,
47,361.0,26.9
48,,
49,464.0,19.3
50,285.0,33.9
51,501.0,7.0
52,297.0,32.8
53,65.0,84.6
54,,
55,,
56,,
57,,
58,501.0,15.5
59,444.0,20.2
60,241.0,39.2
61,114.0,63.2
62,261.0,36.6
63,501.0,5.1
64,91.0,75.0
65,386.0,24.8
66,,
67,,
68,501.0,10.5
69,501.0,5.3
70,,
71,,
72,262.0,36.6
73,,
74,374.0,25.9
75,,
76,282.0,34.3
77,295.0,33.0
78,,
79,,
80,,
81,,
82,,
83,140.0,57.0
84,,
85,174.0,49.9
86,501.0,3.2
87,501.0,16.7
88,119.0,62.2
89,276.0,35.0
90,48.0,90.9
91,,
92,417.0,22.2
93,497.0,18.0
94,,
95,217.0,42.7
96,,
97,,
98,80.0,78.2
99,,
100,249.0,37.8
101,,
102,263.0,36.6
103,498.0,17.9
104,501.0,10.3
105,12.0,99.6
106,501.0,17.6
107,,
108,,
109,,
110,378.0,25.7
111,,
112,,
113,480.0,18.6
114,,
115,501.0,14.7
116,219.0,42.3
117,456.0,19.7
118,,
119,,
120,250.0,37.8
121,,
122,,
123,171.0,50.2
124,200.0,46.0
125,,
126,281.0,34.5
127,146.0,55.1
128,,
129,197.0,46.4
130,,
131,428.0,21.4
132,117.0,62.7
133,203.0,45.6
134,310.0,31.5
135,,
136,,
137,348.0,28.1
138,107.0,64.5
139,147.0,54.6
140,,
141,,
142,59.0,87.5
143,268.0,35.9
144,501.0,15.4
145,,
146,499.0,17.9
147,287.0,33.8
148,,
149,,
150,121.0,61.1
151,501.0,5.0
152,153.0,53.4
153,,
154,330.0,29.5
155,501.0,16.1
156,,
157,253.0,37.6
158,449.0,19.9
159,216.0,42.9
160,,
161,20.0,97.5
162,,
163,443.0,20.2
164,277.0,34.8
165,501.0,4.3
166,441.0,20.3
167,472.0,18.9
168,,
169,,
170,,
171,,
172,,
173,,
174,,
175,231.0,40.8
176,,
177,229.0,40.8
178,347.0,28.1
179,429.0,21.4
180,,
181,179.0,49.3
182,419.0,22.1
183,,
184,,
185,,
186,,
187,257.0,37.4
188,,
189,,
190,,
191,,
192,,
193,,
194,,
195,192.0,46.8
196,11.0,99.6
197,352.0,27.7
198,,
199,501.0,4.6
200,,
201,129.0,60.3
202,9.0,99.8
203,,
204,,
205,120.0,61.1
206,,
207,,
208,152.0,53.5
209,350.0,27.9
210,432.0,21.3
211,,
212,501.0,10.2
213,,
214,,
215,,
216,,
217,462.0,19.3
218,,
219,463.0,19.3
220,,
221,,
222,,
223,159.0,52.8
224,501.0,7.3
225,124.0,60.8
226,325.0,30.1
227,32.0,95.3
228,58.0,87.7
229,236.0,39.7
230,,
231,35.0,94.0
232,,
233,155.0,53.1
234,338.0,28.7
235,,
236,501.0,17.7
237,,
238,501.0,13.8
239,501.0,4.9
240,70.0,82.6
241,340.0,28.5
242,501.0,12.5
243,424.0,21.6
244,,
245,501.0,9.0
246,,
247,,
248,,
249,47.0,90.9
250,466.0,19.1
251,501.0,3.9
252,,
253,,
254,27.0,96.5
255,258.0,37.2
256,,
257,29.0,95.9
258,,
259,1.0,100.0
260,273.0,35.3
261,,
262,,
263,,
264,501.0,8.7
265,,
266,452.0,19.8
267,,
268,501.0,11.3
269,,
270,,
271,272.0,35.3
272,501.0,9.1
273,501.0,14.4
274,220.0,42.0
275,501.0,17.6
276,,
277,,
278,,
279,493.0,18.1
280,,
281,,
282,,
283,205.0,45.0
284,418.0,22.1
285,13.0,99.1
286,,
287,501.0,10.0
288,,
289,290.0,33.7
290,,
291,265.0,36.5
292,,
293,,
294,,
295,2.0,100.0
296,501.0,5.6
297,390.0,24.4
298,,
299,384.0,24.9
300,185.0,47.7
301,,
302,501.0,14.0
303,,
304,,
305,,
306,,
307,501.0,12.0
308,,
309,,
310,501.0,15.3
311,,
312,,
313,160.0,52.7
314,492.0,18.1
315,,
316,,
317,501.0,15.7
318,501.0,5.4
319,433.0,21.2
320,50.0,90.4
321,,
322,339.0,28.7
323,204.0,45.1
324,501.0,1.0
325,247.0,38.1
326,501.0,12.9
327,,
328,,
329,490.0,18.2
330,,
331,110.0,63.7
332,,
333,,
334,294.0,33.1
335,,
336,501.0,11.9
337,6.0,100.0
338,,
339,84.0,77.6
340,501.0,5.7
341,144.0,55.5
342,,
343,,
344,,
345,,
346,501.0,8.4
347,,
348,302.0,32.2
349,,
350,,
351,,
352,,
353,501.0,14.5
354,,
355,10.0,99.7
356,356.0,27.4
357,,
358,98.0,69.4
359,57.0,87.9
360,454.0,19.8
361,,
362,447.0,20.1
363,488.0,18.3
364,501.0,16.1
365,154.0,53.3
366,,
367,,
368,321.0,30.4
369,438.0,20.7
370,,
371,96.0,72.4
372,,
373,,
374,,
375,210.0,43.9
376,,
377,501.0,13.8
378,,
379,,
380,414.0,22.4
381,501.0,7.6
382,,
383,49.0,90.8
384,501.0,3.9
385,313.0,31.3
386,222.0,41.7
387,,
388,,
389,,
390,470.0,19.0
391,,
392,,
393,371.0,26.0
394,,
395,501.0,3.1
396,359.0,26.9
397,,
398,,
399,,
400,,
401,501.0,12.0
402,33.0,94.9
403,,
404,,
405,323.0,30.2
406,,
407,,
408,,
409,16.0,98.6
410,364.0,26.3
411,,
412,357.0,27.3
413,501.0,11.4
414,501.0,16.1
415,501.0,10.4
416,,
417,501.0,4.9
418,,
419,,
420,,
421,175.0,49.7
422,82.0,78.1
423,501.0,4.5
424,,
425,,
426,233.0,40.4
427,,
428,,
429,122.0,60.9
430,405.0,22.8
431,501.0,5.2
432,370.0,26.1
433,479.0,18.6
434,501.0,8.0
435,489.0,18.2
436,,
437,,
438,,
439,501.0,10.2
440,,
441,,
442,501.0,9.0
443,,
444,237.0,39.5
445,,
446,,
447,,
448,501.0,11.6
449,482.0,18.5
450,186.0,47.6
451,105.0,65.6
452,306.0,31.8
453,442.0,20.3
454,318.0,30.6
455,189.0,47.4
456,,
457,292.0,33.1
458,430.0,21.4
459,501.0,15.9
460,,
461,264.0,36.6
462,38.0,92.7
463,,
464,,
465,63.0,85.0
466,,
467,81.0,78.1
468,,
469,69.0,82.8
470,,
471,211.0,43.4
472,215.0,42.9
473,,
474,501.0,10.1
475,379.0,25.5
476,,
477,,
478,501.0,3.8
479,319.0,30.5
480,176.0,49.7
481,214.0,43.0
482,,
483,,
484,,
485,,
486,,
487,,
488,,
489,172.0,50.1
490,,
491,345.0,28.4
492,,
493,,
494,,
495,,
496,377.0,25.7
497,103.0,66.8
498,89.0,75.6
499,,
500,411.0,22.5
501,,
502,111.0,63.6
503,501.0,7.1
504,,
505,501.0,12.0
506,501.0,5.2
507,436.0,21.0
508,304.0,32.0
509,,
510,401.0,23.4
511,501.0,6.1
512,389.0,24.5
513,101.0,67.7
514,320.0,30.5
515,,
516,,
517,102.0,67.4
518,329.0,29.6
519,202.0,45.9
520,439.0,20.5
521,,
522,406.0,22.7
523,,
524,,
525,221.0,41.8
526,78.0,78.8
527,145.0,55.4
528,451.0,19.9
529,445.0,20.1
530,,
531,,
532,255.0,37.5
533,,
534,28.0,96.4
535,501.0,12.7
536,501.0,7.5
537,380.0,25.3
538,,
539,,
540,,
541,382.0,25.2
542,,
543,,
544,351.0,27.9
545,341.0,28.4
546,109.0,63.7
547,22.0,97.3
548,,
549,52.0,89.8
550,,
551,,
552,,
553,332.0,29.3
554,165.0,52.1
555,209.0,44.2
556,,
557,94.0,72.6
558,501.0,8.8
559,,
560,,
561,238.0,39.4
562,,
563,,
564,435.0,21.0
565,471.0,19.0
566,,
567,68.0,82.8
568,286.0,33.9
569,440.0,20.3
570,284.0,34.0
571,501.0,11.4
572,83.0,77.8
573,,
574,163.0,52.4
575,,
576,416.0,22.2
577,349.0,28.0
578,,
579,300.0,32.3
580,483.0,18.5
581,,
582,,
583,,
584,,
585,170.0,50.4
586,288.0,33.8
587,,
588,328.0,29.7
589,423.0,21.7
590,246.0,38.4
591,,
592,,
593,484.0,18.4
594,409.0,22.6
595,3.0,100.0
596,14.0,99.0
597,481.0,18.6
598,396.0,23.5
599,188.0,47.5
600,,
601,362.0,26.8
602,501.0,9.2
603,,
604,85.0,77.5
605,274.0,35.3
606,230.0,40.8
607,267.0,36.1
608,,
609,,
610,385.0,24.9
611,168.0,51.6
612,501.0,6.1
613,425.0,21.6
614,,
615,243.0,38.8
616,,
617,8.0,99.9
618,,
619,218.0,42.4
620,501.0,2.4
621,501.0,6.7
622,398.0,23.4
623,,
624,501.0,8.8
625,,
626,,
627,43.0,91.3
628,157.0,52.9
629,,
630,139.0,57.5
631,,
632,256.0,37.5
633,,
634,67.0,82.9
635,501.0,6.5
636,501.0,11.0
637,,
638,402.0,23.3
639,501.0,7.8
640,,
641,126.0,60.7
642,501.0,11.7
643,,
644,,
645,,
646,486.0,18.3
647,301.0,32.2
648,312.0,31.5
649,259.0,37.2
650,501.0,15.4
651,487.0,18.3
652,,
653,387.0,24.7
654,,
655,501.0,10.9
656,,
657,26.0,96.6
658,501.0,2.3
659,331.0,29.5
660,,
661,316.0,30.7
662,307.0,31.7
663,,
664,,
665,346.0,28.3
666,280.0,34.5
667,,
668,,
669,248.0,37.9
670,45.0,91.1
671,,
672,,
673,,
674,,
675,,
676,,
677,,
678,,
679,,
680,,
681,131.0,60.0
682,,
683,115.0,63.2
684,260.0,37.0
685,,
686,,
687,,
688,,
689,232.0,40.6
690,181.0,48.9
691,266.0,36.5
692,327.0,29.8
693,457.0,19.7
694,501.0,13.1
695,412.0,22.4
696,,
697,,
698,,
699,501.0,15.2
700,198.0,46.4
701,,
702,112.0,63.6
703,86.0,76.8
704,413.0,22.4
705,,
706,24.0,96.9
707,333.0,29.2
708,34.0,94.1
709,336.0,28.8
710,,
711,,
712,,
713,372.0,26.0
714,,
715,,
716,311.0,31.5
717,,
718,501.0,16.9
719,,
720,369.0,26.2
721,,
722,,
723,40.0,92.0
724,,
725,400.0,23.4
726,,
727,501.0,8.5
728,353.0,27.6
729,46.0,90.9
730,,
731,19.0,98.3
732,,
733,,
734,150.0,53.7
735,104.0,66.1
736,501.0,7.8
737,,
738,,
739,,
740,,
741,474.0,18.9
742,459.0,19.6
743,501.0,4.2
744,,
745,501.0,14.5
746,437.0,20.7
747,426.0,21.5
748,501.0,8.5
749,,
750,17.0,98.5
751,501.0,8.8
752,,
753,501.0,7.3
754,501.0,7.7
755,,
756,299.0,32.5
757,,
758,388.0,24.7
759,,
760,251.0,37.7
761,36.0,93.6
762,,
763,88.0,76.3
764,,
765,271.0,35.5
766,403.0,23.1
767,335.0,29.1
768,,
769,,
770,,
771,,
772,,
773,501.0,8.1
774,93.0,74.2
775,55.0,88.7
776,,
777,173.0,50.0
778,501.0,16.9
779,,
780,130.0,60.2
781,501.0,6.2
782,,
783,,
784,501.0,16.8
785,,
786,,
787,,
788,,
789,183.0,48.5
790,56.0,88.3
791,,
792,501.0,16.8
793,,
794,141.0,55.9
795,,
796,278.0,34.8
797,,
798,,
799,,
800,324.0,30.2
801,73.0,81.1
802,245.0,38.7
803,501.0,17.4
804,235.0,39.8
805,,
806,501.0,11.8
807,501.0,7.3
808,44.0,91.2
809,501.0,8.6
810,,
811,,
812,501.0,11.9
813,326.0,29.9
814,,
815,,
816,,
817,,
818,501.0,15.1
819,501.0,5.3
820,269.0,35.7
821,87.0,76.4
822,344.0,28.4
823,427.0,21.5
824,477.0,18.7
825,501.0,8.5
826,408.0,22.6
827,,
828,,
829,501.0,6.2
830,283.0,34.1
831,,
832,226.0,41.3
833,62.0,85.3
834,169.0,50.9
835,191.0,46.8
836,460.0,19.5
837,,
838,,
839,,
840,95.0,72.4
841,177.0,49.6
842,501.0,13.8
843,71.0,82.2
844,166.0,51.9
845,193.0,46.7
846,501.0,14.4
847,501.0,16.1
848,,
849,162.0,52.7
850,196.0,46.6
851,,
852,309.0,31.6
853,,
854,,
855,,
856,358.0,27.0
857,,
858,125.0,60.7
859,,
860,501.0,13.6
861,,
862,422.0,21.9
863,501.0,7.6
864,501.0,3.4
865,,
866,208.0,44.4
867,,
868,178.0,49.5
869,315.0,31.0
870,,
871,376.0,25.8
872,,
873,223.0,41.6
874,42.0,91.5
875,,
876,,
877,,
878,135.0,58.6
879,54.0,89.6
880,,
881,501.0,16.1
882,275.0,35.1
883,,
884,,
885,,
886,,
887,,
888,,
889,,
890,,
891,,
892,,
893,,
894,,
895,,
896,,
897,,
898,,
899,30.0,95.8
900,148.0,54.1
901,501.0,6.4
902,404.0,23.0
903,158.0,52.9
904,,
905,501.0,13.2
906,317.0,30.7
907,501.0,11.0
908,343.0,28.4
909,25.0,96.8
910,,
911,,
912,410.0,22.5
913,,
914,,
915,,
916,,
917,501.0,11.3
918,501.0,8.7
919,,
920,,
921,,
922,92.0,74.4
923,393.0,23.9
924,206.0,44.7
925,,
926,,
927,,
928,491.0,18.2
929,,
930,239.0,39.3
931,143.0,55.6
932,446.0,20.1
933,133.0,59.8
934,75.0,80.7
935,149.0,53.9
936,,
937,501.0,9.8
938,167.0,51.7
939,,
940,,
941,,
942,,
943,213.0,43.2
944,,
945,,
946,501.0,13.7
947,,
948,365.0,26.2
949,,
950,242.0,38.9
951,453.0,19.8
952,,
953,51.0,90.2
954,,
955,,
956,,
957,66.0,83.4
958,,
959,448.0,20.0
960,,
961,334.0,29.2
962,,
963,207.0,44.6
964,,
965,,
966,195.0,46.6
967,501.0,8.2
968,212.0,43.2
969,244.0,38.7
970,99.0,68.8
971,494.0,18.1
972,501.0,8.2
973,41.0,91.7
974,501.0,15.6
975,501.0,7.2
976,279.0,34.6
977,,
978,,
979,,
980,397.0,23.5
981,,
982,501.0,7.5
983,4.0,100.0
984,,
985,296.0,32.9
986,,
987,501.0,1.6
988,,
989,234.0,40.3
990,23.0,97.3
991,,
992,,
993,228.0,40.9
994,,
995,,
996,240.0,39.2
997,501.0,2.4
998,,
999,,
1000,,
1001,,
1002,,
1003,,
1004,501.0,14.7
1005,501.0,12.6
1006,,
1007,355.0,27.4
1008,501.0,3.3
1009,455.0,19.8
1010,,
1011,,
1012,,
1013,,
1014,,
1015,,
1016,501.0,8.7
1017,,
1018,60.0,87.0
1019,501.0,5.7
1020,,
1021,,
1022,,
1023,,
1024,76.0,80.0
1025,,
1026,,
1027,227.0,40.9
1028,184.0,48.4
1029,337.0,28.8
1030,,
1031,,
1032,,
1033,,
1034,500.0,17.9
1035,,
1036,,
1037,,
1038,,
1039,,
1040,116.0,63.1
1041,415.0,22.2
1042,137.0,58.1
1043,,
1044,,
1045,407.0,22.7
1046,473.0,18.9
1047,,
1048,501.0,15.7
1049,142.0,55.7
1050,,
1051,,
1052,501.0,17.3
1053,391.0,24.3
1054,,
1055,182.0,48.9
1056,,
1057,190.0,47.0
1058,100.0,67.8
1059,118.0,62.5
1060,501.0,5.2
1061,,
1062,180.0,49.0
1063,77.0,79.6
1064,,
1065,,
1066,,
1067,74.0,81.0
1068,108.0,64.0
1069,501.0,4.2
1070,501.0,15.0
1071,291.0,33.4
1072,,
1073,475.0,18.9
1074,,
1075,,
1076,,
1077,,
1078,,
1079,132.0,59.9
1080,381.0,25.3
1081,,
1082,434.0,21.1
1083,501.0,13.1
1084,308.0,31.7
1085,,
1086,,
1087,,
1088,,
1089,21.0,97.4
1090,501.0,17.2
1091,,
1092,,
1093,270.0,35.6
1094,,
1095,,
1096,421.0,22.0
1097,354.0,27.4
1098,127.0,60.6
1099,39.0,92.5
1100,113.0,63.5
1101,254.0,37.6
1102,,
1103,501.0,7.2
1104,187.0,47.5
1105,,
1106,322.0,30.4
1107,,
1108,342.0,28.4
1109,,
1110,289.0,33.8
1111,363.0,26.7
1112,,
1113,,
1114,,
1115,,
1116,,
1117,501.0,2.4
1118,128.0,60.5
1119,201.0,45.9
1120,,
1121,469.0,19.0
1122,,
1123,450.0,19.9
1124,,
1125,37.0,93.2
1126,,
1127,458.0,19.7
1128,,
1129,164.0,52.3
1130,373.0,25.9
1131,161.0,52.7
1132,97.0,71.6
1133,395.0,23.6
1134,199.0,46.3
1135,501.0,13.9
1136,5.0,100.0
1137,501.0,13.2
1138,366.0,26.2
1139,501.0,16.5
1140,,
1141,,
1142,,
1143,79.0,78.3
1144,465.0,19.2
1145,461.0,19.4
1146,420.0,22.1
1147,,
